"duration, x^0, x^1, x^2, ..., x^n, y^0, y^1, y^2, ... y^n, z^0, z^1, z^2, ... z^n, yaw^0, yaw^1, yaw^2, ... yaw^n"
2.0,-2.5367282045467917e-23,-0.5,0.12499999999999957,1.2756002793976384e-16,4.550991138194901e-16,-5.014863203717188e-16,1.9911901516357425e-16,-2.7563145422364962e-17,-2.567367041627823e-23,-2.266719628026107e-23,0.12499999999999986,1.672559386931954e-17,4.55099679658201e-16,-5.014868173466174e-16,1.991192118638991e-16,-2.7563173126022123e-17,0.0,0.0,0.0,0.0,0.0,0.0,0.0,0.0,0.0,0.0,0.0,0.0,0.0,0.0,0.0,0.0
2.0,-0.5,-2.245050220115009e-23,0.12499999999999986,1.664729454928722e-17,4.55099281963087e-16,-5.014864159966377e-16,1.9911905107026634e-16,-2.7563150568528663e-17,0.5,0.5,-0.12499999999999957,-1.2748172828120399e-16,-4.550987163570428e-16,5.014859192880244e-16,-1.9911885447657632e-16,2.7563122879676002e-17,0.0,0.0,0.0,0.0,0.0,0.0,0.0,0.0,0.0,0.0,0.0,0.0,0.0,0.0,0.0,0.0
2.0,2.5367353716591533e-23,0.5,-0.12499999999999957,-1.2756002798132473e-16,-4.550991139874422e-16,5.014863205600421e-16,-1.9911901523842332e-16,2.7563145432715545e-17,1.0,2.2234088784930637e-23,-0.12499999999999986,-1.6647072634095732e-17,-4.550989459466227e-16,5.014859769227152e-16,-1.9911887467816198e-16,2.7563126237364484e-17,0.0,0.0,0.0,0.0,0.0,0.0,0.0,0.0,0.0,0.0,0.0,0.0,0.0,0.0,0.0,0.0
2.0,0.5,1.0129531683959918e-22,-0.37499999999999944,0.12499999999999994,-1.686508715542304e-15,1.8584466949266307e-15,-7.379165891128113e-16,1.0214693551944891e-16,0.5,-0.5,0.12499999999999957,1.2748163721844182e-16,4.550994884452608e-16,-5.014867408966545e-16,1.9911918348619317e-16,-2.756316882566356e-17,0.0,0.0,0.0,0.0,0.0,0.0,0.0,0.0,0.0,0.0,0.0,0.0,0.0,0.0,0.0,0.0
