"duration, x^0, x^1, x^2, ..., x^n, y^0, y^1, y^2, ... y^n, z^0, z^1, z^2, ... z^n, yaw^0, yaw^1, yaw^2, ... yaw^n"
2.0,1.1944659741662612e-11,-0.49999999997456723,0.12495202252543064,2.5260265314414504e-05,8.097873592400511e-05,-9.796215373110194e-05,3.9636882759272e-05,-5.5226769907711645e-06,-2.1983465660646135e-11,-4.748408186261607e-11,0.12492614841205982,6.62863221136553e-05,6.0051513617749045e-05,-9.668160920230369e-05,4.1496812620199006e-05,-5.932239953666665e-06,0.0,0.0,0.0,0.0,0.0,0.0,0.0,0.0,0.0,0.0,0.0,0.0,0.0,0.0,0.0,0.0
2.0,-0.50000000001832,-3.25705226275197e-11,0.12494116614067755,3.9819226929335016e-05,7.530113182148147e-05,-9.847951756156491e-05,4.0423702502395586e-05,-5.663523337221747e-06,0.4999999999874273,0.5000000000045215,-0.12494565006189005,-3.570951700734707e-05,-7.465587805059284e-05,9.663381960370924e-05,-3.971645210213326e-05,5.573758527941479e-06,0.0,0.0,0.0,0.0,0.0,0.0,0.0,0.0,0.0,0.0,0.0,0.0,0.0,0.0,0.0,0.0
2.0,-1.1944659741662612e-11,0.49999999997456723,-0.12495202252543064,-2.5260265314414504e-05,-8.097873592400511e-05,9.796215373110194e-05,-3.9636882759272e-05,5.5226769907711645e-06,1.0000000000156772,4.611469570344386e-11,-0.1249324250430632,-5.622753314391439e-05,-6.533406406356479e-05,9.720797910044629e-05,-4.113128780124914e-05,5.845392557648711e-06,0.0,0.0,0.0,0.0,0.0,0.0,0.0,0.0,0.0,0.0,0.0,0.0,0.0,0.0,0.0,0.0
2.0,0.4999999980903851,5.415636773162158e-09,-0.37494576932622115,0.12499808070061878,-0.0001494876710353643,0.00015718553001969998,-6.104407547249154e-05,8.339192390367634e-06,0.49999999998915307,-0.5000000000271836,0.12495370108587656,2.3308795834417654e-05,8.096515253265789e-05,-9.728010390954551e-05,3.932487855879165e-05,-5.480059110480264e-06,0.0,0.0,0.0,0.0,0.0,0.0,0.0,0.0,0.0,0.0,0.0,0.0,0.0,0.0,0.0,0.0
