"duration, x^0, x^1, x^2, ..., x^n, y^0, y^1, y^2, ... y^n, z^0, z^1, z^2, ... z^n, yaw^0, yaw^1, yaw^2, ... yaw^n"
2.0,-2.5367483237595112e-23,-0.5,0.12499999999999956,1.329081452761631e-16,4.550992185226356e-16,-5.014862806126882e-16,1.9911899672153365e-16,-2.7563143265404434e-17,-2.5673758090242645e-23,-2.2667267005817357e-23,0.12499999999999983,2.6108120123173882e-17,4.55099693323869e-16,-5.014868159766593e-16,1.9911921075170698e-16,-2.756317298602323e-17,0.0,0.0,0.0,0.0,0.0,0.0,0.0,0.0,0.0,0.0,0.0,0.0,0.0,0.0,0.0,0.0
2.0,-0.5,-2.245069244543503e-23,0.12499999999999988,8.219039766018823e-18,4.550993163363493e-16,-5.014863958607096e-16,1.9911904269273338e-16,-2.7563149616395848e-17,0.5,0.5,-0.12499999999999951,-1.5071706095211678e-16,-4.550987777104484e-16,5.014858888531932e-16,-1.9911884130283313e-16,2.7563121363646978e-17,0.0,0.0,0.0,0.0,0.0,0.0,0.0,0.0,0.0,0.0,0.0,0.0,0.0,0.0,0.0,0.0
2.0,2.5367549317695952e-23,0.5,-0.12499999999999956,-1.329081469443086e-16,-4.550992180957046e-16,5.014862807509614e-16,-1.9911899680392684e-16,2.7563143276917048e-17,1.0,2.2234128864666333e-23,-0.12499999999999988,-8.219026470403653e-18,-4.550989367450377e-16,5.014859755580821e-16,-1.9911887470294432e-16,2.7563126258976343e-17,0.0,0.0,0.0,0.0,0.0,0.0,0.0,0.0,0.0,0.0,0.0,0.0,0.0,0.0,0.0,0.0
2.0,0.5,1.0129563361495914e-22,-0.37499999999999956,0.125,-1.6865086481042173e-15,1.858446705602928e-15,-7.379165961492408e-16,1.0214693640736633e-16,0.5,-0.5,0.12499999999999951,1.5064045564748481e-16,4.550995725807076e-16,-5.014867009885209e-16,1.9911916601484727e-16,-2.7563166808395098e-17,0.0,0.0,0.0,0.0,0.0,0.0,0.0,0.0,0.0,0.0,0.0,0.0,0.0,0.0,0.0,0.0
